group,n_units,n_frames,rmse_unit_mean,rmse_unit_sd,bias_unit_mean,bias_unit_sd,absbias_unit_mean,sd_unit_mean,sd_unit_sd,mae_unit_mean,rmse_pooled,bias_pooled,sd_pooled
all,480,196548,6.149249713004779,2.9825768045523846,2.3780058006279483,4.493718416187922,3.9971053429876036,4.148269270813234,1.9192949261190968,5.289115467472296,5.826830007535466,1.3837084239182795,5.66015008054498
DJ,180,17832,7.73119228531163,3.1196640370142172,2.8637311573914777,5.075790887185953,4.611214038392379,5.659557482584265,1.901998556052624,6.540456908632956,8.314911432984442,2.8831967266004934,7.799033835937346
STS,60,77550,5.353009886238285,2.5540096054477934,1.2146533380692426,4.580039906846123,3.6880547187722907,3.357671226399545,1.3119291928883956,4.694043844248827,5.988912134786246,1.2468819161626048,5.85767479853027
squats,60,76608,4.483000978387589,2.0944175129339024,0.7645199338311172,3.425788819842307,2.7507234468800323,3.2119523365563736,1.4151297417951143,3.8170162174092064,4.834795829227566,0.7456460961741592,4.7769511835036065
walking,180,24558,5.388136661159159,2.4968941760630803,2.817893220316265,3.966507304030107,3.9014741543571234,3.212619385265721,1.1541413630032997,4.726830984073822,5.945502336938721,2.7173959826300997,5.288171433693275
ankle_angle_l,80,32758,7.284345969878837,3.865559557904916,5.015566932083486,3.647176939610725,5.243451996845767,4.754315375719623,2.6476476868808523,6.117668434263718,5.6607261013114005,2.8025532275926492,4.918283786096344
ankle_angle_r,80,32758,6.396199408149052,3.0147117569623516,3.170272384614177,3.455436385503799,3.7438548762887764,4.852921267202461,2.133277227856567,5.298033270700172,5.139824907496497,1.546892387942182,4.901522622598809
hip_flexion_l,80,32758,7.077882105263387,2.911240551492298,3.7543096239466123,5.059628209528313,5.119477139164991,4.088965374289189,1.5496759619759766,6.2889107424190485,7.618146673817661,3.7397199804585144,6.637066611957308
hip_flexion_r,80,32758,6.817223850706388,2.9115779034481166,3.835469560787139,5.038955720795718,5.189805062464937,3.6527633846543126,1.3192508143237502,6.104657313278301,7.108604685338064,3.738583960793394,6.046093824983917
knee_angle_l,80,32758,4.662988348003422,1.7610230248198109,-0.4822991115776789,2.4696271339673923,2.059088942292179,3.9369676455477793,1.757659771141504,4.005850114365753,4.193054703648433,-1.313452641368826,3.9820283658795677
knee_angle_r,80,32758,4.656858596027595,1.6336410766383636,-1.025284586086046,2.8885269268460827,2.6269540408689744,3.6036825774660435,1.4389608768219444,3.9195729298067845,4.370347867448013,-2.212046371908236,3.769189744631464
