subject,activity,trial,joint,n,bias,sd,rmse,mae
subject2,DJ,DJ1,hip_flexion_r,100,-1.8223284994000002,3.089481180060738,3.586889337807196,2.8517862038000006
subject2,DJ,DJ1,hip_flexion_l,100,0.5856071494999999,4.76123182237106,4.797109984136736,3.5742293607
subject2,DJ,DJ1,knee_angle_r,100,-3.2171477208,3.8332641710940267,5.0043934360561435,4.3985345892
subject2,DJ,DJ1,knee_angle_l,100,0.35051870270000035,5.728071556968099,5.73878620639325,5.0132398800999995
subject2,DJ,DJ1,ankle_angle_r,100,7.6360374765,4.75398092655361,8.994965424755563,7.870303227500001
subject2,DJ,DJ1,ankle_angle_l,100,14.506711745300002,6.871014027926354,16.051651610759116,14.5862049811
subject2,DJ,DJ2,hip_flexion_r,106,-2.883141184433963,3.209844579128078,4.3145805487367115,3.8126224542452833
subject2,DJ,DJ2,hip_flexion_l,106,-1.4595352025471702,5.253135605396826,5.452125887776464,4.211769932169811
subject2,DJ,DJ2,knee_angle_r,106,-2.4205393242452824,3.829258052552415,4.530146559798626,3.754387300660377
subject2,DJ,DJ2,knee_angle_l,106,-3.39780296235849,6.69715695268925,7.509792022417538,6.765055211226415
subject2,DJ,DJ2,ankle_angle_r,106,7.643158318584907,5.645352508297946,9.501993160695264,7.849936084811321
subject2,DJ,DJ2,ankle_angle_l,106,14.206829809339624,9.030618601725863,16.834075132343273,14.475676918584904
subject2,DJ,DJ3,hip_flexion_r,102,-3.974548396372549,3.823772017987629,5.515275822717554,4.975990691078433
subject2,DJ,DJ3,hip_flexion_l,102,-1.4273164120588235,5.19769691373568,5.390109956873781,4.459812404215686
subject2,DJ,DJ3,knee_angle_r,102,-2.502041171764707,4.258634097833981,4.9392483643202185,3.8454525460784303
subject2,DJ,DJ3,knee_angle_l,102,-1.6597991811764703,6.223091323323587,6.440636532227183,5.6328263
subject2,DJ,DJ3,ankle_angle_r,102,8.89182621235294,5.488824615414564,10.449486544776622,9.223709094117647
subject2,DJ,DJ3,ankle_angle_l,102,14.171894599509802,8.744079285686054,16.65237277669399,14.646909332647061
subject2,STS,STS1,hip_flexion_r,842,-1.400607863099762,5.709927249067305,5.879198208584076,5.199120434239905
subject2,STS,STS1,hip_flexion_l,842,-1.1483880392874108,7.449395011321926,7.537392196475276,6.655758567363421
subject2,STS,STS1,knee_angle_r,842,-1.4747683269833727,2.8217142425796267,3.183867598542699,2.3343194611876483
subject2,STS,STS1,knee_angle_l,842,-1.0386516350237531,3.353531407918722,3.5106936811454856,3.120056619228028
subject2,STS,STS1,ankle_angle_r,842,3.9789135731116394,3.077329281204926,5.030080389740631,4.690956743064133
subject2,STS,STS1,ankle_angle_l,842,5.668727215961996,1.759243466093029,5.935436447472018,5.672490610261282
subject2,squats,squats1,hip_flexion_r,801,-4.107952260349563,5.257039227053456,6.671711415228471,5.605495845218477
subject2,squats,squats1,hip_flexion_l,801,-3.0666173756179775,8.106282121674328,8.666945942177032,7.232578978089889
subject2,squats,squats1,knee_angle_r,801,0.7532991657553059,5.43554114235626,5.487491880939345,4.826701354244694
subject2,squats,squats1,knee_angle_l,801,1.8105375680898879,3.737873035066913,4.15328076485869,3.3086972631210987
subject2,squats,squats1,ankle_angle_r,801,5.446140759550562,5.211010722912325,7.537577988130218,6.771570532134832
subject2,squats,squats1,ankle_angle_l,801,5.974121665268415,3.1944627168095225,6.774564319608718,6.0606601659675405
subject2,walking,walking1,hip_flexion_r,158,-10.811814954556962,2.7533376880561393,11.15689074231938,10.811814954556962
subject2,walking,walking1,hip_flexion_l,158,-9.77865280278481,2.695084987728597,10.143250649002582,9.77865280278481
subject2,walking,walking1,knee_angle_r,158,-3.4608152763291145,4.1278893511136525,5.3867163348287095,4.361116752278481
subject2,walking,walking1,knee_angle_l,158,-1.5697312087341768,3.572742304728698,3.9023766660423984,3.2465425181012666
subject2,walking,walking1,ankle_angle_r,158,-1.9322019193670887,2.4464439967466634,3.1174496766465456,2.725114847341772
subject2,walking,walking1,ankle_angle_l,158,6.501299989873418,4.189203426354504,7.734101557757593,6.622400505569621
subject2,walking,walking2,hip_flexion_r,151,-10.379383889933775,3.6079720260168333,10.9885882657936,10.379383889933775
subject2,walking,walking2,hip_flexion_l,151,-9.348487048807947,3.0476968690186563,9.832734426758206,9.348487048807947
subject2,walking,walking2,knee_angle_r,151,-4.201205016754966,4.039495664107516,5.8281771432541865,4.769635282715232
subject2,walking,walking2,knee_angle_l,151,-1.8116553831788078,3.036151254892759,3.5355776996111445,3.079956342516557
subject2,walking,walking2,ankle_angle_r,151,-1.90306923986755,3.2081965449632537,3.7301739373445058,3.1784596932450326
subject2,walking,walking2,ankle_angle_l,151,4.474104035827815,4.720985949866109,6.504253628376121,5.045534262980132
subject2,walking,walking3,hip_flexion_r,153,-11.994840642941176,3.219912947174226,12.419502463341022,11.994840642941176
subject2,walking,walking3,hip_flexion_l,153,-10.563072626274511,2.9014594481867557,10.954312860121444,10.563072626274511
subject2,walking,walking3,knee_angle_r,153,-3.5740301794771248,3.7012557897334983,5.145190583919028,4.14208805620915
subject2,walking,walking3,knee_angle_l,153,-1.3005345038562093,3.0661229913334402,3.3305405257561485,2.9149840999346406
subject2,walking,walking3,ankle_angle_r,153,-0.3220728371895425,2.6246675821355927,2.6443545203260506,2.177868608562091
subject2,walking,walking3,ankle_angle_l,153,7.3613102043137255,3.992043507943945,8.374084982459324,7.3613102043137255
subject3,DJ,DJ1,hip_flexion_r,86,0.595226291162791,3.731225805234286,3.778404471114449,3.2317992158139535
subject3,DJ,DJ1,hip_flexion_l,86,-0.9799918467441862,4.390041978237336,4.49809432875424,3.9651423118604643
subject3,DJ,DJ1,knee_angle_r,86,0.5990232201162783,3.6096859670999746,3.6590520082826035,3.169369480581396
subject3,DJ,DJ1,knee_angle_l,86,0.249481821046511,4.626963336777165,4.633684376272596,3.9523602008139536
subject3,DJ,DJ1,ankle_angle_r,86,9.405882094069767,7.471214562918023,12.012063312050126,10.155962883372093
subject3,DJ,DJ1,ankle_angle_l,86,9.599287658139534,7.728399782944361,12.323736720196697,10.455633966046511
subject3,DJ,DJ2,hip_flexion_r,87,1.7973636318390804,5.142826353617956,5.447860032024054,4.1543927364367805
subject3,DJ,DJ2,hip_flexion_l,87,-0.19405911804597675,4.9338567229898045,4.937671627831125,4.082290852528736
subject3,DJ,DJ2,knee_angle_r,87,1.1442783659770108,5.457166824513928,5.575844575435945,4.605904421609195
subject3,DJ,DJ2,knee_angle_l,87,0.5223797754022994,6.100942480908581,6.123265451138331,5.238161635172412
subject3,DJ,DJ2,ankle_angle_r,87,10.590762708735632,9.86274089628684,14.471969898394423,11.555782536781608
subject3,DJ,DJ2,ankle_angle_l,87,8.950406030344828,8.948233279037723,12.656249322927835,10.165682471954023
subject3,DJ,DJ4,hip_flexion_r,88,1.4774811888636363,3.844514673180243,4.118645861899769,3.2033742397727267
subject3,DJ,DJ4,hip_flexion_l,88,-0.9452221797727283,4.154172618845804,4.260351524968629,3.8973502500000006
subject3,DJ,DJ4,knee_angle_r,88,0.976234543977272,4.417746527335019,4.524325172292011,3.8756319696590906
subject3,DJ,DJ4,knee_angle_l,88,0.20407451431818213,4.392525288202735,4.397263332448344,3.8429104518181814
subject3,DJ,DJ4,ankle_angle_r,88,9.085428399318182,8.425378198906209,12.390803323180517,9.997132766590909
subject3,DJ,DJ4,ankle_angle_l,88,8.714086368409092,7.8374164257277705,11.720085215831864,9.414856834090909
subject3,STS,STS1,hip_flexion_r,1137,3.862708348452067,3.020443906242341,4.903427084800771,4.354364093746701
subject3,STS,STS1,hip_flexion_l,1137,3.239042484802111,3.070338398143616,4.463000571080866,3.8553135499912052
subject3,STS,STS1,knee_angle_r,1137,-0.9293890250483727,1.5818425385849497,1.8346633960367889,1.5188857457871587
subject3,STS,STS1,knee_angle_l,1137,-0.3440463065611257,1.7105104303632699,1.7447675471076056,1.4931355210729993
subject3,STS,STS1,ankle_angle_r,1137,4.840774265092348,2.985597712882023,5.687432565643897,5.089134088557608
subject3,STS,STS1,ankle_angle_l,1137,2.405028209278804,2.5115084076579715,3.4773316162200416,2.980344994116095
subject3,squats,squats1,hip_flexion_r,1156,-1.826963873918685,3.6816600441700493,4.110038646709077,3.048400665700692
subject3,squats,squats1,hip_flexion_l,1156,-2.6421032824913495,3.9235048487742503,4.730179706280366,3.732196198096885
subject3,squats,squats1,knee_angle_r,1156,0.4786398093685121,2.083264839678491,2.137542621645934,1.677898941859862
subject3,squats,squats1,knee_angle_l,1156,-0.14578995035467132,2.7779114200698563,2.781734453066817,2.396534263901384
subject3,squats,squats1,ankle_angle_r,1156,2.1900409892128025,1.862255084311566,2.874764952735522,2.5612880559429065
subject3,squats,squats1,ankle_angle_l,1156,0.10598748349480969,1.4470780090479094,1.450954207040189,1.1713953740138408
subject3,walking,walking1,hip_flexion_r,132,1.3748330957575758,1.7406309892972358,2.218098798992559,1.8917722265151513
subject3,walking,walking1,hip_flexion_l,132,0.9678271381818181,2.945447299691893,3.1003788743738196,2.5118845619696972
subject3,walking,walking1,knee_angle_r,132,3.3215102391666664,3.6416729992094226,4.928915956075936,4.425525814621213
subject3,walking,walking1,knee_angle_l,132,2.2495861610606065,3.534682560353323,4.189823229982539,3.5075076478787883
subject3,walking,walking1,ankle_angle_r,132,3.538917672651515,3.224402923684436,4.7875580944851155,3.8299557217424245
subject3,walking,walking1,ankle_angle_l,132,1.644458566060606,4.136454413270589,4.451348008025865,3.873338326212121
subject3,walking,walking2,hip_flexion_r,136,2.8112616922058824,3.113726535247264,4.195054855227427,3.3113546549999997
subject3,walking,walking2,hip_flexion_l,136,1.9222373445588237,3.938682380140202,4.382717798403571,3.7467724675
subject3,walking,walking2,knee_angle_r,136,4.235220036764706,3.7457854903202175,5.654024911450843,5.2712690717647055
subject3,walking,walking2,knee_angle_l,136,2.280716201838235,3.106166225041907,3.853561341268427,3.275831177867648
subject3,walking,walking2,ankle_angle_r,136,3.5928832547794123,4.1382373031000865,5.480311857845627,4.554829294926471
subject3,walking,walking2,ankle_angle_l,136,1.4510200628676468,3.0068398354666006,3.338644188737884,2.860768506102941
subject3,walking,walking3,hip_flexion_r,138,1.3657974131159423,2.176575311264338,2.5696074912872686,2.3068924321014492
subject3,walking,walking3,hip_flexion_l,138,0.4554355609420288,3.3075378669521824,3.338746515010263,2.708125480797102
subject3,walking,walking3,knee_angle_r,138,3.9473592864492755,3.6680307992576933,5.388515127622855,4.856549711521739
subject3,walking,walking3,knee_angle_l,138,1.83410394057971,3.3027084709148182,3.7778063090505993,3.1919315273913043
subject3,walking,walking3,ankle_angle_r,138,4.100388926956522,4.014621426271108,5.73849932896944,4.751243436376813
subject3,walking,walking3,ankle_angle_l,138,1.52388816557971,3.0011232837771913,3.365854439161546,2.7925682373188407
subject4,DJ,DJ1,hip_flexion_r,109,6.251354641743117,3.7051620902774207,7.26688798400472,6.251354641743117
subject4,DJ,DJ1,hip_flexion_l,109,5.808497714311927,4.206428872913241,7.171658773257762,5.9322727260550465
subject4,DJ,DJ1,knee_angle_r,109,-1.6953827466055047,4.880082856266695,5.1661911832137735,4.773633255963304
subject4,DJ,DJ1,knee_angle_l,109,-2.3312253597247707,6.201996274223468,6.625659926626604,6.138820210550461
subject4,DJ,DJ1,ankle_angle_r,109,6.96286857587156,7.593323959980422,10.302432118974256,8.407088631467891
subject4,DJ,DJ1,ankle_angle_l,109,6.0951419355045875,8.369089412185836,10.353376879217121,8.536414350366973
subject4,DJ,DJ2,hip_flexion_r,104,6.707592285,3.5174986464812914,7.573941575546331,6.707592285
subject4,DJ,DJ2,hip_flexion_l,104,7.366668414134616,4.317481000913958,8.538644255211807,7.5305320487500005
subject4,DJ,DJ2,knee_angle_r,104,-1.5242619914423075,4.30535864786875,4.567218815136176,4.134472610288461
subject4,DJ,DJ2,knee_angle_l,104,-1.3662066310576921,5.88878788520324,6.045191751769539,5.459087521634616
subject4,DJ,DJ2,ankle_angle_r,104,5.430666488269231,8.349740764249589,9.960437206116094,7.458800055769231
subject4,DJ,DJ2,ankle_angle_l,104,4.603903969038462,9.523905484383139,10.578313071165521,7.8479292690384606
subject4,DJ,DJ3,hip_flexion_r,112,6.039606973124999,3.8426243168244176,7.158394654534664,6.051250777767856
subject4,DJ,DJ3,hip_flexion_l,112,5.126690526964286,4.756580319997998,6.9934263490693604,5.71486901607143
subject4,DJ,DJ3,knee_angle_r,112,-1.8401605029464283,5.800887807289027,6.0857612530692125,5.574360363482143
subject4,DJ,DJ3,knee_angle_l,112,-1.7283272271428574,7.550411160417359,7.745697108423381,7.076284299107143
subject4,DJ,DJ3,ankle_angle_r,112,7.262541208035714,9.028185874418556,11.586744365069405,9.90486295875
subject4,DJ,DJ3,ankle_angle_l,112,6.771876090357142,9.169810104185474,11.399286079837314,10.01557002607143
subject4,STS,STS1,hip_flexion_r,1399,6.226702836347391,4.661752655493783,7.7784166790665035,6.490149340321658
subject4,STS,STS1,hip_flexion_l,1399,6.834393352401715,4.950134423284453,8.438765508291983,7.024606080936383
subject4,STS,STS1,knee_angle_r,1399,-3.5110659819585424,2.184531163487481,4.135185695215448,3.613684658741959
subject4,STS,STS1,knee_angle_l,1399,-0.5067514016797712,1.9585061898796663,2.0230035785686042,1.6866024148749106
subject4,STS,STS1,ankle_angle_r,1399,-2.994187035982845,3.49954854810422,4.6056482765172255,3.6545785413295215
subject4,STS,STS1,ankle_angle_l,1399,-0.09526278842744822,2.674963458518973,2.67665920566492,2.124395625682631
subject4,squats,squats1,hip_flexion_r,1346,7.765049899895988,3.1401921779262802,8.375966025610664,7.765049899895988
subject4,squats,squats1,hip_flexion_l,1346,8.084784869569093,3.2828629215938365,8.725877339797355,8.109668653090639
subject4,squats,squats1,knee_angle_r,1346,-1.8891364716121841,2.1987886636864835,2.898880507356508,2.3849579191456165
subject4,squats,squats1,knee_angle_l,1346,-0.9724932849554236,2.2299839371183303,2.4328114495556696,2.0615629930534918
subject4,squats,squats1,ankle_angle_r,1346,-1.1382670344873702,2.8224268857148647,3.043311579021573,2.2949716009509658
subject4,squats,squats1,ankle_angle_l,1346,-2.463204543870728,1.8124926750484482,3.0581867703019188,2.5776452710624067
subject4,walking,walking1,hip_flexion_r,131,10.614113655954199,2.3332858518078745,10.867549473904418,10.614113655954199
subject4,walking,walking1,hip_flexion_l,131,11.216036162519085,3.4439471170166636,11.732870021599288,11.216036162519085
subject4,walking,walking1,knee_angle_r,131,2.8024469422900764,1.4715169502851788,3.165291613631766,2.8024469422900764
subject4,walking,walking1,knee_angle_l,131,3.3721743167938936,1.8528113407458775,3.8476576624279994,3.3789045297709928
subject4,walking,walking1,ankle_angle_r,131,2.520704136793893,1.995041731433741,3.2146758554187054,2.6465171635114504
subject4,walking,walking1,ankle_angle_l,131,4.831166179312977,2.1653301114719965,5.294225263793077,4.831166179312977
subject4,walking,walking2,hip_flexion_r,132,9.977805755833332,2.9799158123195553,10.413285070027273,9.977805755833332
subject4,walking,walking2,hip_flexion_l,132,10.677527890984848,3.403801935581789,11.206938452558294,10.677527890984848
subject4,walking,walking2,knee_angle_r,132,2.8420238164393945,1.9338780121913033,3.4375839683192795,2.8518119878030306
subject4,walking,walking2,knee_angle_l,132,3.180508323712122,1.681557633865886,3.597675537512343,3.200825925075758
subject4,walking,walking2,ankle_angle_r,132,1.663163219469697,1.5931312090220098,2.3030803163929687,1.8486137632575759
subject4,walking,walking2,ankle_angle_l,132,4.604423668863636,2.2799252965709407,5.137973985953584,4.72661525159091
subject4,walking,walking4,hip_flexion_r,139,9.961055477266187,1.8266530140042385,10.127155941069807,9.961055477266187
subject4,walking,walking4,hip_flexion_l,139,10.24670555647482,2.5155418747611065,10.550967997523665,10.24670555647482
subject4,walking,walking4,knee_angle_r,139,2.931993806978417,2.06231243898542,3.5846506496664055,2.997566881654676
subject4,walking,walking4,knee_angle_l,139,2.7838585694964024,1.6215237521389403,3.2216777948313364,2.867677679280575
subject4,walking,walking4,ankle_angle_r,139,1.8341406466906471,2.1634087543416607,2.8362667981353455,2.420852580503597
subject4,walking,walking4,ankle_angle_l,139,5.418366986906475,2.1330209731898533,5.8230987692864815,5.418366986906475
subject5,DJ,DJ1,hip_flexion_r,111,2.871462130540541,8.380176823366392,8.858479460833877,7.1171898552252255
subject5,DJ,DJ1,hip_flexion_l,111,1.4305259582882888,7.822070597869362,7.951804383621934,5.81553058153153
subject5,DJ,DJ1,knee_angle_r,111,-1.259280985135136,5.416751782982696,5.561203869484479,3.991523707657658
subject5,DJ,DJ1,knee_angle_l,111,-0.010140701441441555,6.176067187253342,6.176075512434505,4.744715656216217
subject5,DJ,DJ1,ankle_angle_r,111,2.9331488594594597,7.829452663765363,8.360842735388035,5.961620813333335
subject5,DJ,DJ1,ankle_angle_l,111,2.979627796846846,7.999055380361456,8.535986690818582,6.224848928738739
subject5,DJ,DJ2,hip_flexion_r,110,5.598847705909091,4.641703264245383,7.272723343237369,5.705101118636365
subject5,DJ,DJ2,hip_flexion_l,110,3.5249279499090913,4.500709161187707,5.716773566064102,4.252984807909091
subject5,DJ,DJ2,knee_angle_r,110,-0.20460373427272732,5.69812562505226,5.701797815334698,4.787236493
subject5,DJ,DJ2,knee_angle_l,110,-0.24147908163636497,5.462144382356944,5.4674796204998755,4.262549778909093
subject5,DJ,DJ2,ankle_angle_r,110,1.949991097181818,7.403447270944402,7.655945191336108,4.9965520179090905
subject5,DJ,DJ2,ankle_angle_l,110,0.8669229508181817,6.8957026913833515,6.949983525923417,5.1220826864545455
subject5,DJ,DJ3,hip_flexion_r,109,4.8559927112844035,4.687413994474505,6.749260342262898,5.150431877889908
subject5,DJ,DJ3,hip_flexion_l,109,3.495226913119267,3.764433572197413,5.136883422239618,3.890951039724771
subject5,DJ,DJ3,knee_angle_r,109,0.6196210088990823,7.427408791762397,7.453209480124549,5.951321676605506
subject5,DJ,DJ3,knee_angle_l,109,1.643458733761468,7.054824835374635,7.2437221141755295,5.648449990091743
subject5,DJ,DJ3,ankle_angle_r,109,2.8137240844954126,8.806582595108383,9.24515766377921,6.573781607798165
subject5,DJ,DJ3,ankle_angle_l,109,2.065011567798165,8.066402655871885,8.326531365568572,6.016538830917432
subject5,STS,STS1,hip_flexion_r,1336,2.921030277537425,2.570714086875742,3.891142351386254,3.2347043644685627
subject5,STS,STS1,hip_flexion_l,1336,1.7544063880089817,2.546986733152427,3.092746868584818,2.43399918269461
subject5,STS,STS1,knee_angle_r,1336,-5.115358668046408,3.561699352708502,6.233185107298008,5.475517112058383
subject5,STS,STS1,knee_angle_l,1336,-3.7836032700449103,3.794501417557993,5.358534754290967,4.510157626107785
subject5,STS,STS1,ankle_angle_r,1336,-1.4848863269910177,3.231752236526813,3.556558719096443,3.064884883473054
subject5,STS,STS1,ankle_angle_l,1336,4.188127296586827,2.8483398006195033,5.064923481377466,4.3222615031886225
subject5,squats,squats1,hip_flexion_r,1623,-0.11901710258780027,2.923678204861194,2.926099676410353,2.279261782723352
subject5,squats,squats1,hip_flexion_l,1623,-1.2147570678804682,3.2586432706706554,3.477699052455905,2.84627434930992
subject5,squats,squats1,knee_angle_r,1623,-1.2560497520086262,2.2867372713293324,2.6089899056162813,2.038159282951325
subject5,squats,squats1,knee_angle_l,1623,-0.00460228537892796,3.4945618637791918,3.494564894348166,3.140730575150955
subject5,squats,squats1,ankle_angle_r,1623,1.805007611706716,1.7691695247309462,2.527451935360177,2.1000277686260014
subject5,squats,squats1,ankle_angle_l,1623,0.5853957842205793,1.8698026867464086,1.9592984233003699,1.61393772012939
subject5,walking,walking1,hip_flexion_r,139,6.190907491798561,3.467499603191545,7.095836037433579,6.260016814676259
subject5,walking,walking1,hip_flexion_l,139,5.666672559064748,5.0868554466834235,7.614937703429374,6.425858339640288
subject5,walking,walking1,knee_angle_r,139,3.218640099856115,4.741846951499813,5.731034514278365,4.808473476834533
subject5,walking,walking1,knee_angle_l,139,3.86284505,4.831853493110791,6.186144199676925,4.850069767697841
subject5,walking,walking1,ankle_angle_r,139,3.846753045611511,4.6224982227876446,6.01373418215308,4.576954630359713
subject5,walking,walking1,ankle_angle_l,139,3.6613180108633094,4.800125824748208,6.037090152555843,4.375571958345323
subject5,walking,walking2,hip_flexion_r,136,6.7386061611029415,3.936971686028508,7.804393573561284,6.754563447867647
subject5,walking,walking2,hip_flexion_l,136,6.4724996704411755,4.2819231349621285,7.760677658399751,6.4724996704411755
subject5,walking,walking2,knee_angle_r,136,3.219979270735294,4.5821941149113,5.600425824050592,4.800728601470588
subject5,walking,walking2,knee_angle_l,136,4.072989277647059,3.670629378914114,5.482951914176826,4.3139582995588235
subject5,walking,walking2,ankle_angle_r,136,4.271404978750001,5.386614461850075,6.874628415638381,4.785632000808823
subject5,walking,walking2,ankle_angle_l,136,4.77008319242647,4.320614416789129,6.435946131007902,5.033661812720588
subject5,walking,walking3,hip_flexion_r,141,7.103445304751773,2.6187354396989466,7.5707800457241685,7.103445304751773
subject5,walking,walking3,hip_flexion_l,141,6.705479734255318,4.186247741526795,7.904943302766123,6.784579669574468
subject5,walking,walking3,knee_angle_r,141,3.1596694317730494,5.136093209947962,6.030171173304667,5.165611232624114
subject5,walking,walking3,knee_angle_l,141,4.592855303758865,4.519382130504947,6.443534331622155,4.931849739645391
subject5,walking,walking3,ankle_angle_r,141,2.762714210780142,5.434696768993635,6.096598951985968,4.69037850283688
subject5,walking,walking3,ankle_angle_l,141,4.4876238906382975,3.7295522786403175,5.835094547900556,4.518769840992908
subject6,DJ,DJ1,hip_flexion_r,95,3.310331688105264,5.343818367090322,6.28607115977267,5.828607945578948
subject6,DJ,DJ1,hip_flexion_l,95,3.8395408339999992,5.299239260285768,6.54400569633825,5.680146881578946
subject6,DJ,DJ1,knee_angle_r,95,-1.768632908105263,6.641493724995184,6.872954332947606,5.537173571473685
subject6,DJ,DJ1,knee_angle_l,95,-0.6124699782105268,8.300648862080852,8.323213982937922,6.892686679263157
subject6,DJ,DJ1,ankle_angle_r,95,1.334149879157895,8.820759656336081,8.921084957274156,5.525309132842105
subject6,DJ,DJ1,ankle_angle_l,95,8.008578298,10.475283030904,13.185934966195681,10.621236243894737
subject6,DJ,DJ2,hip_flexion_r,96,2.080395091145833,5.821633151970971,6.182188632789455,5.2644082815625
subject6,DJ,DJ2,hip_flexion_l,96,2.0183952252083337,4.312355364285089,4.761336794748107,4.287262418750001
subject6,DJ,DJ2,knee_angle_r,96,-4.287952480312501,4.2735622084834075,6.053913645171667,4.9882752296875
subject6,DJ,DJ2,knee_angle_l,96,-2.374021184166667,5.203832477384049,5.719777009250371,5.0838244125
subject6,DJ,DJ2,ankle_angle_r,96,-1.3788946408333331,5.883502853280425,6.042926133511628,4.469836370208333
subject6,DJ,DJ2,ankle_angle_l,96,4.889328662916667,6.816028270608893,8.388311877830851,6.254782223333334
subject6,DJ,DJ3,hip_flexion_r,91,-1.6076407038461538,3.8003238392192586,4.1263749121476065,3.252037341648352
subject6,DJ,DJ3,hip_flexion_l,91,-0.5122517147252748,3.691618151228633,3.72698891784235,3.038129076703297
subject6,DJ,DJ3,knee_angle_r,91,-5.492127185384615,5.815146767573351,7.998711955612574,7.179374661868132
subject6,DJ,DJ3,knee_angle_l,91,-2.228006372417583,7.123587060478906,7.4638800234030995,6.7879033181318675
subject6,DJ,DJ3,ankle_angle_r,91,-1.2016376398901096,5.511469259921468,5.640941979905482,3.947189181868133
subject6,DJ,DJ3,ankle_angle_l,91,6.1990668549450545,8.04948065826845,10.159850822719607,8.035621444175824
subject6,STS,STS1,hip_flexion_r,1339,-2.357121963913369,5.419164669801257,5.909599789426099,4.995198980955937
subject6,STS,STS1,hip_flexion_l,1339,-1.4798586194697534,5.087155654490159,5.29803116134948,4.536649201053025
subject6,STS,STS1,knee_angle_r,1339,-4.622673351082898,3.6649089507314754,5.899208974766335,5.140806244943987
subject6,STS,STS1,knee_angle_l,1339,-1.7556788268782675,3.651498501033649,4.051647744584867,3.481125824204631
subject6,STS,STS1,ankle_angle_r,1339,-5.908666037669903,2.855766053790413,6.562601168644596,5.915594226781181
subject6,STS,STS1,ankle_angle_l,1339,-2.050954820022405,1.7837964396279018,2.718151101723801,2.2403326225765494
subject6,squats,squats1,hip_flexion_r,1302,0.16745708353302624,4.327966147943677,4.331204549841973,3.367257472672811
subject6,squats,squats1,hip_flexion_l,1302,0.8100457355837172,4.170482941513978,4.248423479268098,3.3928476641090626
subject6,squats,squats1,knee_angle_r,1302,-2.3171755806682026,2.4811582838532864,3.394915183208383,2.7456826030184334
subject6,squats,squats1,knee_angle_l,1302,-1.3600723646466977,2.667690130817642,2.9943893319235406,2.369061566490015
subject6,squats,squats1,ankle_angle_r,1302,-1.3981210412442395,2.012125504405305,2.4501819302754195,2.0453203150998465
subject6,squats,squats1,ankle_angle_l,1302,-1.8729933587327188,2.2061923380042714,2.8940263914010225,2.435665699055299
subject6,walking,walking1,hip_flexion_r,143,2.0041077373426575,1.809697915635772,2.7002693141116803,2.1796763236363637
subject6,walking,walking1,hip_flexion_l,143,1.9857388853846156,1.1559694054161112,2.2976997600179647,1.988710031678322
subject6,walking,walking1,knee_angle_r,143,1.1726000227272728,2.303970576968297,2.585202358198605,1.93277612972028
subject6,walking,walking1,knee_angle_l,143,1.3683684453146858,2.2841723187664305,2.662681990766404,2.1084489686713286
subject6,walking,walking1,ankle_angle_r,143,1.8284355832167831,4.538830797213748,4.893277193017916,4.182402647552448
subject6,walking,walking1,ankle_angle_l,143,3.7572008793706293,2.6090525713473016,4.574244611736171,3.9189848590909095
subject6,walking,walking2,hip_flexion_r,138,2.9241568757971015,2.1014227757607795,3.6009264247909325,3.1657145265217395
subject6,walking,walking2,hip_flexion_l,138,3.4376538015217393,1.6275030179025378,3.8034497147193536,3.4768895005072467
subject6,walking,walking2,knee_angle_r,138,0.8976835928260872,2.109249294462676,2.2923281656474166,1.626024639057971
subject6,walking,walking2,knee_angle_l,138,1.721299334347826,1.9981247370994961,2.6373042796452593,2.1398678236231876
subject6,walking,walking2,ankle_angle_r,138,1.9141810876086958,3.8588727793059046,4.307550157923513,3.56178026789855
subject6,walking,walking2,ankle_angle_l,138,2.955740422318841,2.0352809022590495,3.5887002933137184,2.970932318115942
subject6,walking,walking3,hip_flexion_r,145,3.681624895517242,2.5393277524287865,4.472420743350001,3.681624895517242
subject6,walking,walking3,hip_flexion_l,145,3.6044979266206894,1.66237514657614,3.9693697775549825,3.6295301726896545
subject6,walking,walking3,knee_angle_r,145,1.2807595557241382,2.4098983772762645,2.7290942139064134,2.054057687448276
subject6,walking,walking3,knee_angle_l,145,1.8179122623448276,2.0401783217022795,2.7326054559573025,2.1604948699310342
subject6,walking,walking3,ankle_angle_r,145,2.0691976351034485,4.510571537857122,4.96254314351467,4.137224298275862
subject6,walking,walking3,ankle_angle_l,145,3.3587907556551726,2.9429661581523647,4.46570544800088,3.72014013924138
subject7,DJ,DJ2,hip_flexion_r,114,6.840348824561404,4.778600512414345,8.344183297299095,7.090855109298245
subject7,DJ,DJ2,hip_flexion_l,114,6.7056182516666665,5.99715107600328,8.996173473510414,7.274417690789475
subject7,DJ,DJ2,knee_angle_r,114,-0.5456808928070171,3.0511571825750092,3.0995689683492658,2.5229012663157895
subject7,DJ,DJ2,knee_angle_l,114,-0.35485484596491274,4.989916219104175,5.002517949531384,4.381678207368421
subject7,DJ,DJ2,ankle_angle_r,114,4.608138922456141,4.874717604719986,6.708041148831915,5.422406531052632
subject7,DJ,DJ2,ankle_angle_l,114,4.649674791140351,5.801443904674446,7.434798386133302,5.921138853421053
subject7,DJ,DJ3,hip_flexion_r,103,9.018700136699028,3.136235394989615,9.548451424628015,9.018700136699028
subject7,DJ,DJ3,hip_flexion_l,103,8.010024819514566,3.504409419127704,8.743076288475944,8.010024819514566
subject7,DJ,DJ3,knee_angle_r,103,0.15039197145631092,3.1684751613153943,3.1720423378245015,2.6809598225242706
subject7,DJ,DJ3,knee_angle_l,103,-1.0509454488349512,6.342955094291676,6.429429653136243,5.788799368446603
subject7,DJ,DJ3,ankle_angle_r,103,5.410001016019417,5.92770243163782,8.025320374376093,6.090175436990292
subject7,DJ,DJ3,ankle_angle_l,103,4.198999734466019,7.2743669246883425,8.399286453327177,6.490794631747574
subject7,DJ,DJ4,hip_flexion_r,99,7.584428446060608,3.2252951682816375,8.241728203232267,7.584428446060608
subject7,DJ,DJ4,hip_flexion_l,99,7.208646311414142,4.365833759378948,8.427638225362882,7.232292935050506
subject7,DJ,DJ4,knee_angle_r,99,-0.12075825181818256,2.7183893317203927,2.721070214859114,2.331108441313132
subject7,DJ,DJ4,knee_angle_l,99,-0.8843577378787884,4.940765748895603,5.019288275642873,4.60960692959596
subject7,DJ,DJ4,ankle_angle_r,99,5.834737893737374,4.922346436920685,7.633718670063799,6.327288237979798
subject7,DJ,DJ4,ankle_angle_l,99,4.033418076868687,5.618349458138266,6.916235393375044,5.383132916060607
subject7,STS,STS1,hip_flexion_r,1371,8.957862937804522,2.5412779449395924,9.311358762604321,8.957862937804522
subject7,STS,STS1,hip_flexion_l,1371,9.528297144967176,2.175302751317957,9.773453255767949,9.528297144967176
subject7,STS,STS1,knee_angle_r,1371,-3.8503692056236325,2.0926661912077753,4.382304736943658,3.9118978902771704
subject7,STS,STS1,knee_angle_l,1371,-2.6962621798541204,3.7908898184465043,4.651953929061752,3.810392164186725
subject7,STS,STS1,ankle_angle_r,1371,-0.9897694572064187,3.7725291141957933,3.900207622149568,3.3131358573522975
subject7,STS,STS1,ankle_angle_l,1371,2.07921593404814,3.343985644688475,3.9376869977541733,3.2086876084609774
subject7,squats,squats1,hip_flexion_r,1281,6.242928598563623,3.3834034908141852,7.100815211538544,6.390832032131147
subject7,squats,squats1,hip_flexion_l,1281,5.781607532732241,2.7964510923383843,6.422392418280491,5.873372437822014
subject7,squats,squats1,knee_angle_r,1281,-1.7787991417564404,2.0036845152352183,2.679342834223877,2.0850249047384852
subject7,squats,squats1,knee_angle_l,1281,-2.6302416406791567,4.236249105103766,4.986379204277894,3.9146440431772054
subject7,squats,squats1,ankle_angle_r,1281,-0.7676180517330211,1.6019160183356667,1.776336793276206,1.3581955614285715
subject7,squats,squats1,ankle_angle_l,1281,-2.6329870794379393,2.545372763151954,3.6621774211366307,3.130178540796253
subject7,walking,walking1,hip_flexion_r,132,2.2377497103030306,3.9350901192537426,4.526859619273579,4.087364757424242
subject7,walking,walking1,hip_flexion_l,132,2.865238663106061,4.595690280585463,5.415714334381522,5.099595897045455
subject7,walking,walking1,knee_angle_r,132,1.093390977651515,2.4655089194947757,2.697079543157382,2.2164120649242425
subject7,walking,walking1,knee_angle_l,132,2.838254337196969,3.011216189525681,4.138008050098377,3.4342651046212116
subject7,walking,walking1,ankle_angle_r,132,2.188798094090909,4.556303962637547,5.054774267624877,4.700863832878788
subject7,walking,walking1,ankle_angle_l,132,3.455556101742424,2.128691910904409,4.058595474279145,3.5103290840151513
subject7,walking,walking2,hip_flexion_r,131,2.237194285190839,5.243271110928633,5.700607880953517,5.245596203511449
subject7,walking,walking2,hip_flexion_l,131,3.288091250610688,6.0595625972727145,6.894189070703602,6.58561903778626
subject7,walking,walking2,knee_angle_r,131,1.0379684074809161,2.6956399804606943,2.8885728862513753,2.419174108244275
subject7,walking,walking2,knee_angle_l,131,3.3580274651145037,3.1649887270498174,4.6144882813607575,4.078550360229007
subject7,walking,walking2,ankle_angle_r,131,2.4082389848854966,4.383968968606792,5.001879539336151,4.570150660610687
subject7,walking,walking2,ankle_angle_l,131,3.5748432548091604,2.0225859228005554,4.107354149761806,3.621737623664122
subject7,walking,walking3,hip_flexion_r,133,1.2571459179699243,3.805040671349578,4.00733706714233,3.633039490150376
subject7,walking,walking3,hip_flexion_l,133,2.205478864285714,4.529386945594124,5.03780538763949,4.744227629849624
subject7,walking,walking3,knee_angle_r,133,0.3927502946616541,2.6470625054424968,2.676040489543521,2.1397516456390977
subject7,walking,walking3,knee_angle_l,133,2.479963379323308,2.1744004327505917,3.2982170342066093,2.8750486426315787
subject7,walking,walking3,ankle_angle_r,133,1.6295779171428564,4.99143299470438,5.250707336032278,4.753911163157895
subject7,walking,walking3,ankle_angle_l,133,3.224634831654135,1.9920758973042736,3.7903345733770943,3.224634831654135
subject8,DJ,DJ1,hip_flexion_r,98,2.5810624198979597,3.643838330201394,4.465360118966262,3.7184045435714292
subject8,DJ,DJ1,hip_flexion_l,98,2.143262535816327,3.624758402158694,4.210991305079348,3.5053474464285714
subject8,DJ,DJ1,knee_angle_r,98,-3.722263949387756,2.5196578221812946,4.494877578954862,4.1776214938775516
subject8,DJ,DJ1,knee_angle_l,98,-3.8419676140816326,3.4940772027433757,5.1931965730543155,4.547240331428571
subject8,DJ,DJ1,ankle_angle_r,98,12.714265493367346,6.438247180873649,14.25144111301938,13.287523709081633
subject8,DJ,DJ1,ankle_angle_l,98,11.01477274142857,7.761888320039606,13.474870271660691,12.330359411836735
subject8,DJ,DJ2,hip_flexion_r,106,2.333130149339622,3.0689024590217997,3.8550821776905844,2.8223963089622637
subject8,DJ,DJ2,hip_flexion_l,106,2.4477714412264144,2.6874230388811493,3.635082890168095,2.509631710094339
subject8,DJ,DJ2,knee_angle_r,106,-3.4321237807547176,2.292697395303944,4.127461083142462,3.7824005075471705
subject8,DJ,DJ2,knee_angle_l,106,-3.211208290943396,3.516276791750539,4.761938803053549,4.408487350566038
subject8,DJ,DJ2,ankle_angle_r,106,9.762618305377359,5.422397507035526,11.167412900971923,10.296877274433964
subject8,DJ,DJ2,ankle_angle_l,106,9.087679799622641,6.598520360880501,11.230600834034837,9.940843209056602
subject8,DJ,DJ3,hip_flexion_r,111,3.3403510861261263,2.8060372197389016,4.362544012058104,3.476324056756757
subject8,DJ,DJ3,hip_flexion_l,111,2.843267137207206,2.7588533546703338,3.961747069929909,3.1474567159459452
subject8,DJ,DJ3,knee_angle_r,111,-3.672972334054054,2.473828501656595,4.428380428817629,4.077161944144145
subject8,DJ,DJ3,knee_angle_l,111,-3.7190069244144137,3.6232826169318844,5.192223938352729,4.371510733243244
subject8,DJ,DJ3,ankle_angle_r,111,10.750131059729728,6.228522171853852,12.424162194958695,11.364481353783784
subject8,DJ,DJ3,ankle_angle_l,111,9.098402925225225,7.942004199231074,12.07710091414123,10.545671511711713
subject8,STS,STS1,hip_flexion_r,1321,7.845138310817562,3.6913427552071787,8.670190681425522,7.857791944595004
subject8,STS,STS1,hip_flexion_l,1321,8.351615013292959,3.431348181437933,9.029043342044481,8.351922344057533
subject8,STS,STS1,knee_angle_r,1321,-6.484930170484482,1.7128347149393843,6.707318545943779,6.484930170484482
subject8,STS,STS1,knee_angle_l,1321,-3.7124351478425432,1.8999118570747582,4.170352478099416,3.7156489298410293
subject8,STS,STS1,ankle_angle_r,1321,0.44570816638152916,4.628931210747799,4.650339764298332,4.059754167850113
subject8,STS,STS1,ankle_angle_l,1321,3.7233282144587436,2.2758650610368085,4.363798204389452,3.835613104829675
subject8,squats,squats1,hip_flexion_r,1321,5.841499908622255,2.763542432126182,6.462220048605256,6.088742029333838
subject8,squats,squats1,hip_flexion_l,1321,7.230919090378501,3.0583426289439917,7.851092314297183,7.456746890772141
subject8,squats,squats1,knee_angle_r,1321,-4.5263780967524605,2.0185028466528006,4.956052099878075,4.527802554299773
subject8,squats,squats1,knee_angle_l,1321,-2.581803738667676,1.6521339841588532,3.065168387970063,2.612575921680545
subject8,squats,squats1,ankle_angle_r,1321,2.0920460763058286,5.120145528604315,5.531052975652409,4.914163431597275
subject8,squats,squats1,ankle_angle_l,1321,0.6199677671158214,1.5704056502886807,1.6883524332085382,1.4266108766086298
subject8,walking,walking1,hip_flexion_r,129,1.9356128509302328,6.544282546724824,6.824531570741938,6.1489890884496115
subject8,walking,walking1,hip_flexion_l,129,4.09578518751938,7.2992885131213185,8.36989062653079,7.584688438992249
subject8,walking,walking1,knee_angle_r,129,-4.282993228372092,3.5837619063216035,5.584566267444863,4.400499746666666
subject8,walking,walking1,knee_angle_l,129,-0.43811428682170533,3.478412710301631,3.5058949087936484,3.0888747500775193
subject8,walking,walking1,ankle_angle_r,129,0.850172537054264,4.004921751385367,4.094165553257577,3.433231908062016
subject8,walking,walking1,ankle_angle_l,129,2.134763521782946,2.91289877700311,3.611397870492995,2.9496903538759693
subject8,walking,walking2,hip_flexion_r,131,1.20264169740458,5.115850781970103,5.255309341582119,4.798754466717557
subject8,walking,walking2,hip_flexion_l,131,3.0015221891603048,5.393314000607044,6.172274407474576,5.520834195877862
subject8,walking,walking2,knee_angle_r,131,-3.326582344503817,3.1501187878078523,4.581418827401019,3.63576171519084
subject8,walking,walking2,knee_angle_l,131,-0.892604080839694,2.5590386953913713,2.7102437325159605,2.160964187862595
subject8,walking,walking2,ankle_angle_r,131,1.1453442696183203,4.227829375898894,4.3802231367432825,3.4312338790839694
subject8,walking,walking2,ankle_angle_l,131,4.988963940152671,2.9087742199000997,5.775008974754853,5.013607719694656
subject8,walking,walking3,hip_flexion_r,136,3.279503149411765,3.86195375725172,5.066540015647006,4.324916579705882
subject8,walking,walking3,hip_flexion_l,136,5.435297739485295,5.919531728855265,8.036374643194414,6.801084350367647
subject8,walking,walking3,knee_angle_r,136,-2.1300157603676464,2.673234026625681,3.4180619216924546,2.632142824485294
subject8,walking,walking3,knee_angle_l,136,0.5404153966911771,2.288101310512029,2.3510543184171113,2.0766261924264704
subject8,walking,walking3,ankle_angle_r,136,2.6088779577205883,3.9195923878684042,4.708444401850391,3.220968924338235
subject8,walking,walking3,ankle_angle_l,136,4.840290543308824,3.469674572427202,5.955422250537128,4.982459390220589
subject9,DJ,DJ1,hip_flexion_r,92,7.92116085630435,3.1381510463533275,8.520139746575564,7.92116085630435
subject9,DJ,DJ1,hip_flexion_l,92,7.745460570326088,2.9632778529463906,8.292959368056657,7.745460570326088
subject9,DJ,DJ1,knee_angle_r,92,-4.066781521630433,5.448896543957701,6.799204769046813,5.924536893586955
subject9,DJ,DJ1,knee_angle_l,92,-1.9644750855434787,7.035898558360001,7.30500040282363,6.614080089673914
subject9,DJ,DJ1,ankle_angle_r,92,3.429255220978261,7.7367883398472275,8.462723272458026,7.000434587065217
subject9,DJ,DJ1,ankle_angle_l,92,7.770087794239131,8.336229571854185,11.395919787574856,9.255521776847825
subject9,DJ,DJ2,hip_flexion_r,94,8.675107612340424,3.971931178940336,9.541159750047433,8.778555719361702
subject9,DJ,DJ2,hip_flexion_l,94,8.414018342553192,3.4035184145015527,9.076323168919929,8.414018342553192
subject9,DJ,DJ2,knee_angle_r,94,-4.225096615638298,5.817466610399772,7.189878940190469,6.364142440957448
subject9,DJ,DJ2,knee_angle_l,94,-2.3639554320212772,7.349867800637195,7.720676263866162,7.191064738829788
subject9,DJ,DJ2,ankle_angle_r,94,0.003340195744680472,8.808260952492635,8.808261585813291,7.794124347872339
subject9,DJ,DJ2,ankle_angle_l,94,6.65386508106383,8.233122870017267,10.58575612366929,8.10228823106383
subject9,DJ,DJ3,hip_flexion_r,92,8.143506019673913,4.040257616121402,9.090674996780614,8.201476280326087
subject9,DJ,DJ3,hip_flexion_l,92,8.434488477934782,3.3582404785255546,9.078456641743802,8.434488477934782
subject9,DJ,DJ3,knee_angle_r,92,-5.1120565285869555,5.958501261031861,7.850914547311466,6.747376140978259
subject9,DJ,DJ3,knee_angle_l,92,-2.254515566086957,7.325453632951239,7.664535952440102,6.959420186304347
subject9,DJ,DJ3,ankle_angle_r,92,2.1844375825,8.145004547975157,8.432844516435392,7.04841758119565
subject9,DJ,DJ3,ankle_angle_l,92,8.828779034130436,8.178664836778518,12.03486176679477,10.127942425652174
subject9,STS,STS1,hip_flexion_r,1441,1.851156586176266,6.640409904886887,6.8936075034385045,5.850532615739071
subject9,STS,STS1,hip_flexion_l,1441,2.3141437906800837,6.5391386275501535,6.936540598472822,5.710107601714087
subject9,STS,STS1,knee_angle_r,1441,-3.226551386925745,2.6624494162861283,4.183212969328098,3.542061660027758
subject9,STS,STS1,knee_angle_l,1441,-0.49605332047883416,3.2557549510231683,3.2933279821284045,2.8535004726370574
subject9,STS,STS1,ankle_angle_r,1441,4.700467650041638,4.10558650727106,6.241012473771715,5.083425442990978
subject9,STS,STS1,ankle_angle_l,1441,8.614343146967384,3.707362126426668,9.378243001232523,8.615622952310895
subject9,squats,squats1,hip_flexion_r,1301,4.236329412436587,3.713714066140077,5.633663022911646,4.725750275449654
subject9,squats,squats1,hip_flexion_l,1301,5.291405705695619,3.7241872388338297,6.470590771495358,5.541029973397387
subject9,squats,squats1,knee_angle_r,1301,-3.5170670550422747,3.413570278793798,4.901247057426111,3.9006416783474247
subject9,squats,squats1,knee_angle_l,1301,-2.785123904119908,4.66468564572624,5.432882046827866,4.204328622121444
subject9,squats,squats1,ankle_angle_r,1301,1.626953010545734,1.5369502927180922,2.238122494594533,1.9253440768793235
subject9,squats,squats1,ankle_angle_l,1301,3.596307864650269,2.526918589849272,4.395309752118866,3.659117294289009
subject9,walking,walking1,hip_flexion_r,136,5.633010909411765,1.8741829098332374,5.9366129640614895,5.633010909411765
subject9,walking,walking1,hip_flexion_l,136,5.535886455882354,3.05045553437891,6.320705484330417,5.537433106617648
subject9,walking,walking1,knee_angle_r,136,5.253627824264705,5.280235320119544,7.448589823028669,5.854586587794118
subject9,walking,walking1,knee_angle_l,136,4.13480820875,2.6926006308237955,4.934241287194931,4.138049174338234
subject9,walking,walking1,ankle_angle_r,136,3.662165307647059,3.3783508140067804,4.982440061158182,4.200372255294118
subject9,walking,walking1,ankle_angle_l,136,6.690786600882354,2.8728732278244022,7.281485145332443,6.6929219672058835
subject9,walking,walking2,hip_flexion_r,130,7.3988727831538466,2.6917759667460355,7.873307838287938,7.3988727831538466
subject9,walking,walking2,hip_flexion_l,130,7.102573487615384,2.8138205468809594,7.639642414211965,7.102573487615384
subject9,walking,walking2,knee_angle_r,130,5.39318491776923,5.1822906490063625,7.4794772496500235,5.787351947923078
subject9,walking,walking2,knee_angle_l,130,4.5647334360769225,2.8479900345866063,5.38031956109888,4.569689174846154
subject9,walking,walking2,ankle_angle_r,130,3.3135163093076927,3.308390621939489,4.682396698207579,3.9965880959230766
subject9,walking,walking2,ankle_angle_l,130,6.356454373384615,3.2287865643914744,7.129486298416969,6.479077362769231
subject9,walking,walking3,hip_flexion_r,137,8.138234016423358,2.5373508993228935,8.524611574280963,8.138234016423358
subject9,walking,walking3,hip_flexion_l,137,7.802910779927007,3.7644828386452134,8.663529747277112,7.802910779927007
subject9,walking,walking3,knee_angle_r,137,5.813334446569343,5.072540012990895,7.71527832103699,6.481078213138686
subject9,walking,walking3,knee_angle_l,137,5.18540674189781,3.037051121246845,6.009336285479951,5.18540674189781
subject9,walking,walking3,ankle_angle_r,137,5.053947763576643,3.141042376693661,5.950507138819909,5.19852335540146
subject9,walking,walking3,ankle_angle_l,137,6.904235881459854,4.237821675368575,8.101086696182275,7.548996572700731
subject10,DJ,DJ1,hip_flexion_r,104,11.680747895576925,5.42469475610731,12.878943458101013,11.680747895576925
subject10,DJ,DJ1,hip_flexion_l,104,11.880248320576925,7.287083351847062,13.937068699527078,12.08210574846154
subject10,DJ,DJ1,knee_angle_r,104,-3.615283987788462,4.6223634978934145,5.868264020902356,5.355294309711539
subject10,DJ,DJ1,knee_angle_l,104,-3.2037474108653847,5.332085617326057,6.220541335215293,5.796654288173078
subject10,DJ,DJ1,ankle_angle_r,104,7.1614935225,4.995178175071789,8.731482948132177,7.650651640384615
subject10,DJ,DJ1,ankle_angle_l,104,6.226829121346153,6.928938599519272,9.31577109113103,7.189767773653846
subject10,DJ,DJ2,hip_flexion_r,100,14.013777612199998,5.351050083085041,15.000656650823068,14.013777612199998
subject10,DJ,DJ2,hip_flexion_l,100,14.662295758099999,6.952453855024064,16.22712332806515,14.662295758099999
subject10,DJ,DJ2,knee_angle_r,100,-3.722260030299999,6.418107167591948,7.419388070984295,6.825297149499999
subject10,DJ,DJ2,knee_angle_l,100,-3.319319769200001,6.68960095028952,7.46784069221595,6.850686083599999
subject10,DJ,DJ2,ankle_angle_r,100,6.4548201357999995,6.618738891384809,9.245128852420551,7.536506681800001
subject10,DJ,DJ2,ankle_angle_l,100,5.722114272100002,6.500917119957481,8.660514715854179,6.4423844049
subject10,DJ,DJ3,hip_flexion_r,87,10.721941867816094,3.3133062099046913,11.222211700793236,10.721941867816094
subject10,DJ,DJ3,hip_flexion_l,87,10.215173503563218,4.357488844837238,11.10574080108036,10.215173503563218
subject10,DJ,DJ3,knee_angle_r,87,-3.4309956516091957,3.713939982776728,5.056192377375371,4.536678351609194
subject10,DJ,DJ3,knee_angle_l,87,-4.072955300919539,4.486705201832045,6.059660753824038,5.44791777494253
subject10,DJ,DJ3,ankle_angle_r,87,6.544667133563219,7.542508152468707,9.986095188771209,8.485046165287354
subject10,DJ,DJ3,ankle_angle_l,87,6.475565398505748,5.261668610072988,8.34374638831696,6.792029803563219
subject10,STS,STS1,hip_flexion_r,1411,12.144034044826364,4.642006658381312,13.00099183517774,12.144952603706592
subject10,STS,STS1,hip_flexion_l,1411,14.404401793182139,4.989847180264235,15.244191218356578,14.404401793182139
subject10,STS,STS1,knee_angle_r,1411,-2.9152398415450036,1.535468678957383,3.294888070601256,2.9651739231750533
subject10,STS,STS1,knee_angle_l,1411,0.12846242819277098,1.7644810353846019,1.7691511862158924,1.461606925372076
subject10,STS,STS1,ankle_angle_r,1411,2.874717432742736,3.3802231436723544,4.437331272187508,3.599976434783841
subject10,STS,STS1,ankle_angle_l,1411,2.079168503777463,2.2126140689926013,3.0362151908921424,2.4562395140963855
subject10,squats,squats1,hip_flexion_r,1288,6.141454699456522,6.256601015303256,8.767127356789699,7.610192456118011
subject10,squats,squats1,hip_flexion_l,1288,7.126617134751553,7.144094058596751,10.09092422444108,8.767791339037267
subject10,squats,squats1,knee_angle_r,1288,-2.5940221806055903,2.3063559534394136,3.471055870688227,2.738040429332298
subject10,squats,squats1,knee_angle_l,1288,-2.914972412771739,2.5530198678979685,3.8749160782011853,3.1510848481444103
subject10,squats,squats1,ankle_angle_r,1288,2.4118694223680124,2.101978222162434,3.199285319723603,2.687705745473602
subject10,squats,squats1,ankle_angle_l,1288,0.3667470356055899,2.28018037893104,2.3094860788901905,1.7852765466304348
subject10,walking,walking1,hip_flexion_r,125,11.626873657600001,2.7463928308005956,11.946834921051922,11.626873657600001
subject10,walking,walking1,hip_flexion_l,125,10.49208027552,2.398136789966993,10.762658062548908,10.49208027552
subject10,walking,walking1,knee_angle_r,125,2.536345317999999,2.5408707961997385,3.5901353700273217,3.1522308405599997
subject10,walking,walking1,knee_angle_l,125,-0.13246954791999954,1.8764342964848242,1.881104422978859,1.48893669576
subject10,walking,walking1,ankle_angle_r,125,2.43936709984,3.3654399691326367,4.156524754361183,3.4548708145600004
subject10,walking,walking1,ankle_angle_l,125,2.3400294151999996,2.7202788404821736,3.588266243463031,2.74591710832
subject10,walking,walking2,hip_flexion_r,121,11.275302533884295,1.6863544738148228,11.400712198892354,11.275302533884295
subject10,walking,walking2,hip_flexion_l,121,10.867663378760332,2.2464596623954334,11.09741809290874,10.867663378760332
subject10,walking,walking2,knee_angle_r,121,1.8178380890082648,2.9016403616346578,3.4240403189969193,3.0035112288429753
subject10,walking,walking2,knee_angle_l,121,0.5340576751239668,1.7271597878837268,1.8078436141551009,1.4836872437190085
subject10,walking,walking2,ankle_angle_r,121,1.8305932598347108,3.6844616727075343,4.114162065427549,3.543894082809918
subject10,walking,walking2,ankle_angle_l,121,2.7732732190909095,3.7859360339150245,4.693011400009921,3.590713100082645
subject10,walking,walking3,hip_flexion_r,130,12.071198004153848,1.9260373247736242,12.22388813070166,12.071198004153848
subject10,walking,walking3,hip_flexion_l,130,11.641732655692309,2.4881290071924718,11.904651409556067,11.641732655692309
subject10,walking,walking3,knee_angle_r,130,2.5323351873076922,3.079665957091109,3.9871122266801797,3.4504642908461536
subject10,walking,walking3,knee_angle_l,130,1.389795858,1.8876602030849559,2.344097602324761,1.9649163904615383
subject10,walking,walking3,ankle_angle_r,130,2.194983234,3.353193192063182,4.00772453904207,3.3362607535384625
subject10,walking,walking3,ankle_angle_l,130,3.4132299753076922,3.105186704355956,4.61436055518508,3.7707016976153844
subject11,DJ,DJ1,hip_flexion_r,90,-0.3536702201111115,2.6915556521766,2.7146923312517837,2.0906879647777785
subject11,DJ,DJ1,hip_flexion_l,90,-2.5725951547777774,3.696892957062303,4.503916447533519,3.8241463301111116
subject11,DJ,DJ1,knee_angle_r,90,-2.384850326888889,4.699573808196172,5.270057405792228,3.7166442588888886
subject11,DJ,DJ1,knee_angle_l,90,-3.865040096666667,4.70656841654365,6.090182362495172,5.303980516666667
subject11,DJ,DJ1,ankle_angle_r,90,6.5329790506666665,7.313692877712313,9.806626269311447,8.992053798444445
subject11,DJ,DJ1,ankle_angle_l,90,11.996766019777779,8.98692461973332,14.989570008978363,13.284345817333335
subject11,DJ,DJ4,hip_flexion_r,85,-0.534388511647059,2.9455395616462865,2.993622285894424,2.488502772352942
subject11,DJ,DJ4,hip_flexion_l,85,-3.187434345764705,4.63352827631735,5.623995198788217,4.966206613294118
subject11,DJ,DJ4,knee_angle_r,85,-4.11132767917647,5.762971104800099,7.079184362645421,5.3923458015294115
subject11,DJ,DJ4,knee_angle_l,85,-5.255684336000001,5.255144123051425,7.432278089100119,6.637535685647058
subject11,DJ,DJ4,ankle_angle_r,85,5.813801958235295,7.844733017727544,9.764227021582675,8.156588716117646
subject11,DJ,DJ4,ankle_angle_l,85,12.276909334,10.189043020724245,15.954281571835999,13.928281964352939
subject11,DJ,DJ5,hip_flexion_r,91,1.1908939776923069,3.7822625811949395,3.9653169733592812,3.362225682087912
subject11,DJ,DJ5,hip_flexion_l,91,-2.573437812527473,4.339290772790579,5.045000157162698,4.094025174285714
subject11,DJ,DJ5,knee_angle_r,91,-1.925025877252747,5.4100634526679094,5.742343701833402,4.156210407582417
subject11,DJ,DJ5,knee_angle_l,91,-4.054244989120879,5.133963983787687,6.541749660346297,5.679632937472529
subject11,DJ,DJ5,ankle_angle_r,91,6.078938482967033,8.305116438779677,10.292154883278137,8.226767024065934
subject11,DJ,DJ5,ankle_angle_l,91,10.862087727692307,8.700625636000265,13.917105886710385,12.287549527912086
subject11,STS,STS1,hip_flexion_r,1328,1.966119774661145,4.360703471230278,4.783446637343557,3.5504559520406627
subject11,STS,STS1,hip_flexion_l,1328,-1.0404508720256023,4.671371139981675,4.785838102626595,4.175401444314758
subject11,STS,STS1,knee_angle_r,1328,-2.5445351842921684,2.425606024959476,3.5154265590992644,3.085259957424699
subject11,STS,STS1,knee_angle_l,1328,-4.243524366641567,3.494172911085248,5.496975839754316,4.903417342996987
subject11,STS,STS1,ankle_angle_r,1328,3.3325310057605417,2.7822418348275635,4.3412708429468,3.444500449871988
subject11,STS,STS1,ankle_angle_l,1328,5.820675578885542,2.936848269807784,6.519612101536986,5.850930440828313
subject11,squats,squats1,hip_flexion_r,1349,2.6489671774499626,4.238470758902693,4.998165811703369,4.025628810911787
subject11,squats,squats1,hip_flexion_l,1349,-0.47246908713120805,5.676934291088915,5.69656124198062,5.060894157375834
subject11,squats,squats1,knee_angle_r,1349,-1.4473360044625647,2.4713454054422996,2.8639709535563425,2.3446827072053376
subject11,squats,squats1,knee_angle_l,1349,-3.141970367501853,4.107649537059724,5.171533864296617,4.327639684032616
subject11,squats,squats1,ankle_angle_r,1349,2.3276419644922166,2.487784050945103,3.4069027868435002,2.914999997064492
subject11,squats,squats1,ankle_angle_l,1349,5.897530594914751,3.0897118441284728,6.657866504947611,5.910434403528539
subject11,walking,walking2,hip_flexion_r,136,4.328595037132353,2.0832115319688,4.8038011285246425,4.334404431397059
subject11,walking,walking2,hip_flexion_l,136,3.861682215882353,1.8923442281271845,4.300413493396689,3.877682121764706
subject11,walking,walking2,knee_angle_r,136,-0.5244585814705883,1.9602088884932027,2.0291563986558305,1.4477518870588237
subject11,walking,walking2,knee_angle_l,136,-0.5567886291176476,2.248707139398908,2.3166133419926442,1.9013549442647062
subject11,walking,walking2,ankle_angle_r,136,-0.24743620014705878,5.545800266566976,5.551317435510021,4.624389755735294
subject11,walking,walking2,ankle_angle_l,136,5.085479970147058,2.7433019854342002,5.778218783505359,5.085479970147058
subject11,walking,walking3,hip_flexion_r,136,5.406556254632354,1.6401341821268525,5.6498575796107575,5.406556254632354
subject11,walking,walking3,hip_flexion_l,136,5.122144494338236,1.5175584486998135,5.3422231202093835,5.122144494338236
subject11,walking,walking3,knee_angle_r,136,0.44462854132352936,2.8213154214884066,2.856136419586395,2.251473582647059
subject11,walking,walking3,knee_angle_l,136,-0.11227261352941167,2.1810020708699787,2.1838899177586444,1.5912185
subject11,walking,walking3,ankle_angle_r,136,-1.0749012368382354,5.142935968258687,5.254065382402971,4.390036531985294
subject11,walking,walking3,ankle_angle_l,136,5.824156334852942,3.434589638832954,6.761449770573344,5.857492729558825
subject11,walking,walking4,hip_flexion_r,138,3.785527426449275,1.4607885768442175,4.057600419291952,3.785527426449275
subject11,walking,walking4,hip_flexion_l,138,3.6170344643478263,1.604935817165887,3.9571147688059165,3.6170344643478263
subject11,walking,walking4,knee_angle_r,138,-0.28899108731884054,1.8820894921553324,1.904147238275245,1.3285011254347823
subject11,walking,walking4,knee_angle_l,138,-0.36151796884057985,1.9147113110935563,1.9485416717699993,1.6118957402898553
subject11,walking,walking4,ankle_angle_r,138,-0.20157096753623213,4.6266222030730075,4.6310111061108055,3.852799815507247
subject11,walking,walking4,ankle_angle_l,138,4.703965698405797,3.2848635977912193,5.7373880945838245,4.7497042057971015
