,mean,sd,n
mass_kg,68.662,10.71,37
thr_bw,3.033,0.426,37
speed_mps,1.292,0.119,37
stance_s,0.75,0.049,37
hip_rate_sim_nm,46.825,28.924,37
hip_rate_ref_nm,11.446,5.229,37
hip_rate_sim_near_transition,0.919,0.277,37
vgrf_mae_bw,10.51,2.092,37
vgrf_peak_ref_bw,110.012,4.716,37
vgrf_peak_sim_bw,117.933,8.726,37
ankle_min_pct_ref,74.646,1.157,37
ankle_min_pct_sim,81.56,1.924,37
ankle_min_ref_nm,-90.864,20.095,37
ankle_min_sim_nm,-105.517,19.476,37
ankle_mae_nm,18.906,6.817,37
soleus_peak_pct_emg,83.384,5.31,37
soleus_peak_pct_sim,84.211,2.979,37
soleus_peak_emg,0.262,0.088,37
soleus_peak_sim,0.451,0.098,37
soleus_corr,0.681,0.18,37
gasmed_peak_pct_emg,78.329,6.456,37
gasmed_peak_pct_sim,83.487,4.733,37
gasmed_peak_emg,0.285,0.14,37
gasmed_peak_sim,0.533,0.122,37
gasmed_corr,0.604,0.192,37
tibant_peak_pct_emg,22.437,7.719,29
tibant_peak_pct_sim,28.784,23.874,29
tibant_peak_emg,0.248,0.073,29
tibant_peak_sim,0.465,0.121,29
tibant_corr,0.304,0.286,29
