subject,trial,side,mass_kg,thr_bw,speed_mps,stance_s,hip_rate_sim_nm,hip_rate_ref_nm,hip_rate_sim_near_transition,vgrf_mae_bw,vgrf_peak_ref_bw,vgrf_peak_sim_bw,ankle_min_pct_ref,ankle_min_pct_sim,ankle_min_ref_nm,ankle_min_sim_nm,ankle_mae_nm,soleus_peak_pct_emg,soleus_peak_pct_sim,soleus_peak_emg,soleus_peak_sim,soleus_corr,gasmed_peak_pct_emg,gasmed_peak_pct_sim,gasmed_peak_emg,gasmed_peak_sim,gasmed_corr,tibant_peak_pct_emg,tibant_peak_pct_sim,tibant_peak_emg,tibant_peak_sim,tibant_corr
subject10,walking1,l,60.0,3.397893306150187,1.4606816019346571,0.69,56.45357596596522,7.712291354065033,1.0,12.697467815338417,99.54663108354507,131.49871074004707,73.91304347826087,82.60869565217394,-65.61297036268292,-92.89470183270434,15.887064895132584,88.4057971014493,86.95652173913045,0.298439,0.48205889497568744,0.788981044346705,76.81159420289856,88.4057971014493,0.305381,0.5154321557479765,0.39847924122489303,24.637681159420293,0.0,0.283343,0.4064753929982769,0.4865704541510333
subject10,walking2,l,60.0,3.397893306150187,1.4280349623980477,0.6700000000000002,50.89501195758251,8.457564343865538,1.0,9.424536065858574,103.16486834713898,131.10673716257762,73.13432835820895,80.59701492537312,-67.1893441522689,-96.05878056331737,15.770332897012947,86.56716417910447,77.61194029850745,0.252501,0.4470257127589824,0.781405182591267,73.13432835820895,85.07462686567163,0.31537499999999996,0.5335209825630238,0.21976904806580624,22.388059701492526,0.0,0.291332,0.3385333024833905,0.31314051205476773
subject10,walking3,r,60.0,3.397893306150187,1.4437061030705003,0.71,58.31739432839497,12.112945546093739,1.0,9.063067603241487,110.03742858268795,143.68733035555454,74.64788732394366,80.28169014084506,-74.25972812078125,-89.73325306318812,8.100180339225599,85.91549295774648,78.87323943661973,0.217402,0.40030281373514964,0.8524407180188165,76.05633802816902,84.50704225352113,0.266812,0.5615213034684738,0.7918649870011163,,,,,
subject10,walking3,l,60.0,3.397893306150187,1.4437061030705003,0.69,61.53360998567352,5.858208192968745,1.0,9.236403622509451,99.0145346737503,126.96134253290474,72.46376811594203,78.26086956521739,-66.34760965257813,-92.54398881769814,14.352589788850329,84.05797101449276,78.26086956521739,0.263533,0.40704661697458033,0.5048341226683792,49.275362318840585,85.50724637681161,0.318804,0.5290878794356021,0.47428039061528243,18.84057971014493,4.347826086956526,0.336221,0.40485075024995204,0.24946678402118688
subject11,walking2,l,92.9,2.1945489598386567,1.3323112194584097,0.76,44.69477252307833,17.7053470075373,1.0,6.522397377690463,106.43935223172973,116.39908432878907,75.00000000000001,78.94736842105264,-130.6897271516418,-127.93751344478211,30.68569003709609,72.36842105263159,89.47368421052632,0.180511,0.34631535013332804,0.29750143664471146,81.57894736842107,73.6842105263158,0.16731599999999996,0.6647125642147982,0.7228551661861884,17.105263157894736,5.263157894736847,0.352365,0.6175184589150641,0.7747322018618431
subject11,walking3,l,92.9,2.1945489598386567,1.3283644240118428,0.78,52.67474748354059,17.47154252313431,1.0,9.392511947420767,103.93279739419992,116.60815772036577,74.35897435897436,80.76923076923079,-130.43353945828358,-160.61018631128903,29.94521057283392,73.07692307692308,87.17948717948718,0.192664,0.4399239737686245,0.12401837909266182,82.05128205128207,76.92307692307693,0.17925099999999997,0.7694980806212735,0.6776825319001121,19.230769230769234,6.410256410256416,0.38953,0.5649791954877522,0.6445762110445116
subject11,walking4,l,92.9,2.1945489598386567,1.321140295860102,0.77,54.52314320240323,17.59369760970587,1.0,5.204725453981329,110.46744873678836,114.69350214116749,74.02597402597404,77.92207792207793,-134.55200658654414,-134.38275300411513,23.739878631636756,77.92207792207793,85.7142857142857,0.206903,0.3897332141306301,0.6027799744728877,77.92207792207793,72.72727272727273,0.217994,0.6767725239736178,0.7056516831613407,14.285714285714283,2.5974025974025996,0.303293,0.6317527898275695,0.8369924802938977
subject2,walking1,l,78.2,2.6070792630308337,1.0685959348755338,0.88,25.688881864235107,12.765648392307682,1.0,11.669761509617889,107.63729301626994,114.44270521503404,75.0,85.22727272727275,-114.27306396589745,-136.28332388290696,31.631583128709483,96.5909090909091,86.36363636363637,0.195053,0.539495245447676,0.4746728001963321,73.86363636363636,81.81818181818183,0.304664,0.7179095662762417,0.3711061169966083,17.045454545454547,65.9090909090909,0.110414,0.6085804196968243,-0.09592204464386893
subject2,walking2,l,78.2,2.6070792630308337,1.1175945129898037,0.8600000000000001,26.33817626181931,12.310612334899318,1.0,12.548471190285664,105.7754066165067,116.64502551583087,76.7441860465116,84.88372093023254,-103.4598433433557,-134.32583603956482,26.243427758569787,95.34883720930232,87.20930232558139,0.266212,0.5879246097591491,0.6595300763134113,84.88372093023254,81.3953488372093,0.305283,0.6602006433475066,0.6737901202116678,19.76744186046512,41.860465116279066,0.187042,0.5423485967882211,0.14578980521622567
subject2,walking3,l,78.2,2.6070792630308337,1.0466793676555572,0.8699999999999999,22.373054668099158,11.729543411589395,1.0,12.433931692008343,105.92468660112402,117.10710983709227,77.01149425287358,85.05747126436783,-110.48406435284768,-139.7917798329078,34.413561806843745,82.75862068965519,85.05747126436783,0.15859,0.5791099219328497,0.4996554897665571,78.1609195402299,81.60919540229887,0.289901,0.7097040266479275,0.5576053552919646,18.390804597701155,65.51724137931036,0.12827699999999997,0.683357453049068,-0.09689532096286872
subject3,walking2,l,63.5,3.2106078483308846,1.240358354614066,0.76,44.244670289931,7.606818654179097,1.0,11.385259431635866,103.99704711564128,112.23744331390681,73.6842105263158,80.26315789473685,-77.22552510455223,-84.3819878142411,12.875874489649085,94.73684210526315,84.2105263157895,0.187324,0.4677926782915903,0.5699926087232736,85.52631578947367,86.84210526315788,0.31582,0.4743028678584116,0.788905639857431,13.157894736842103,15.789473684210526,0.198102,0.37320067148901537,0.5960514439729253
subject3,walking3,l,63.5,3.2106078483308846,1.2473718084158465,0.75,60.064673314760086,5.53984644683823,1.0,12.698395344846416,106.06159961115893,124.80982111655872,74.66666666666667,80.00000000000001,-78.60884710735294,-75.92258503553492,12.241080456450046,82.66666666666669,85.33333333333333,0.14032999999999998,0.4940090634495992,0.7136857985573326,82.66666666666669,87.99999999999999,0.3614939999999998,0.4552786790372444,0.8406386718846482,22.66666666666667,17.333333333333332,0.19660799999999998,0.40667726344228183,0.7718395290063003
subject4,walking1,l,62.6,3.2567667471088053,1.30527828990754,0.74,35.82774024894903,10.54529707255813,1.0,10.904578807788656,105.97606308357712,119.44838798842711,75.67567567567569,81.0810810810811,-78.8536656344186,-99.43503015471552,14.359281478427084,81.0810810810811,85.13513513513516,0.251598,0.48707993907674335,0.7432577868539627,81.0810810810811,86.48648648648651,0.622153,0.5665996438474505,0.5258555561392916,20.270270270270274,14.864864864864863,0.273461,0.3269443598383096,0.49669919373805754
subject4,walking2,l,62.6,3.2567667471088053,1.3050139677131278,0.74,48.127133798030314,9.224689070846146,1.0,10.34841083847587,105.59502616914709,117.48466894718965,74.32432432432434,79.72972972972974,-80.46423696153846,-99.89248782842486,15.143108355036045,83.7837837837838,85.13513513513516,0.263699,0.5190752853253893,0.5774203463356171,85.13513513513516,85.13513513513516,0.43825599999999987,0.6223336870468408,0.5914279659612364,24.32432432432433,14.864864864864863,0.38448,0.3895753464813047,0.48409726298274525
subject4,walking4,l,62.6,3.2567667471088053,1.2727052675259538,0.7399999999999999,25.78249052918043,6.970027873576636,1.0,9.170840396465698,106.62810875982368,111.62485904877062,75.67567567567568,82.43243243243245,-80.53984365620438,-102.60707011858037,13.374467614215195,83.7837837837838,85.13513513513512,0.212263,0.4890392959176579,0.5774414625025068,85.13513513513512,86.48648648648647,0.7540719999999997,0.5237406845397912,0.767623445574128,49.999999999999986,13.513513513513514,0.27130899999999997,0.3215203165021158,0.4764132645431414
subject5,walking1,l,79.4,2.567677561322559,1.2744395123101862,0.7799999999999999,43.78123509121648,11.303391279051084,1.0,15.114498029716234,116.06877996524476,119.49153424950194,76.92307692307693,84.61538461538461,-114.96086695518248,-114.4550833718685,23.600889900484706,84.61538461538461,87.17948717948717,0.32636399999999993,0.5449516010831771,0.7521710227717209,78.20512820512822,82.05128205128206,0.16615,0.49769737830588856,0.33935564277179475,24.358974358974354,43.58974358974359,0.22774399999999997,0.5458898289745794,0.11920880502304444
subject5,walking2,l,79.4,2.567677561322559,1.2724265817823912,0.76,60.83577829215737,13.562733216716405,1.0,12.459962672312589,116.18059793996926,122.46173839319765,76.31578947368422,84.2105263157895,-116.75080734328358,-103.58010588085521,25.214252120487505,78.94736842105264,85.52631578947367,0.270794,0.5793872409984807,0.411700554035891,77.63157894736842,88.15789473684211,0.206289,0.46272731632619524,0.43597956525849024,26.315789473684205,43.42105263157894,0.290881,0.48950638548891023,0.006505769295363914
subject5,walking3,l,79.4,2.567677561322559,1.2896117782042518,0.77,42.438256513491176,10.71707187201438,1.0,13.455816460954763,114.01424788966614,121.35475566261591,75.32467532467533,84.41558441558439,-117.61758335647482,-119.51900036153785,32.49363525256363,80.5194805194805,87.01298701298701,0.258046,0.6303549949299081,0.7109485804469128,77.92207792207793,81.8181818181818,0.12682499999999997,0.5408030592782754,0.3716152575561289,23.376623376623368,46.75324675324675,0.182604,0.5903062029547709,-0.20699289570418034
subject6,walking1,l,59.0,3.4554847181188335,1.1306892048022545,0.8,38.20527229458875,8.636292962695029,1.0,7.301688616992898,111.79518267343515,109.77543457431882,75.0,82.49999999999997,-78.43113900957447,-91.57174660810131,18.113221743933337,82.49999999999997,81.24999999999997,0.395533,0.4211697592470744,0.7532418057429059,82.49999999999997,87.5,0.204554,0.305774485240008,0.28193575878788835,17.5,24.999999999999993,0.214845,0.4323140293155206,0.47498644892301894
subject6,walking2,l,59.0,3.4554847181188335,1.0654116392873478,0.8,29.43756551001649,8.99922379522058,1.0,10.537110368419377,113.12901127243407,116.36728347933985,75.0,82.50000000000001,-77.31528123794118,-93.13418383057386,21.264165544973565,82.50000000000001,86.25,0.3141709999999999,0.4349829560031461,0.7439428398801224,78.75000000000001,88.75,0.213288,0.42587696821319576,0.42708942399760974,17.5,62.5,0.225883,0.5796753678779407,0.12020387832354086
subject6,walking3,l,59.0,3.4554847181188335,1.0705701593494195,0.8300000000000001,36.5604195866415,8.828955060349642,1.0,10.735764380739113,113.50739431826055,111.4293408182939,75.9036144578313,79.5180722891566,-75.71436705048951,-80.85207477655243,14.093075040432582,80.72289156626505,89.15662650602408,0.403077,0.41213793231279694,0.6031376363402884,79.5180722891566,90.36144578313252,0.163393,0.351748237205768,0.27497396584224576,18.072289156626507,65.06024096385542,0.258151,0.45650409134319797,0.07917559397529636
subject7,walking1,r,61.2,3.331267947206065,1.3544189710090624,0.72,37.54048299473822,17.413055538999988,1.0,10.999496301808971,117.85456465158055,117.10034041045458,75.0,81.94444444444444,-76.81801026638462,-96.57555959257792,16.257583470615685,84.72222222222223,83.33333333333334,0.163218,0.2791988901545801,0.6431987957262707,75.0,84.72222222222223,0.302172,0.6335179098007395,0.890606719851499,,,,,
subject7,walking1,l,61.2,3.331267947206065,1.3544189710090624,0.7,35.194670373300696,6.9762723986923065,1.0,10.877837638016574,112.66044245783834,117.78954309832723,74.28571428571429,81.42857142857144,-73.08816350038461,-100.59623377465486,16.366944820023246,84.2857142857143,81.42857142857144,0.18594499999999994,0.4328841479742878,0.918832390976617,71.42857142857143,85.71428571428574,0.322359,0.42321062674809984,0.54431133560135,21.428571428571434,40.00000000000001,0.17667799999999995,0.3618315857515058,0.15821435441846757
subject7,walking2,l,61.2,3.331267947206065,1.3039581434260792,0.73,35.029352271485145,7.2630848427131705,1.0,11.184799773802208,113.82605329722269,123.55950853859439,75.34246575342466,80.82191780821918,-71.6900269100775,-98.15234601767506,16.682632853645487,84.93150684931508,83.56164383561645,0.18425899999999987,0.44453056309847905,0.5594150938434098,72.6027397260274,86.30136986301372,0.325933,0.4024674532203394,0.5778333751784838,20.547945205479454,42.46575342465754,0.311213,0.33996004491389537,-0.06923119129149273
subject7,walking3,r,61.2,3.331267947206065,1.2925467164518238,0.72,27.566487926125046,19.22878684320609,1.0,10.488224865392937,116.26623886017815,117.23852333399618,75.0,83.33333333333334,-69.64851480435115,-91.59446755514935,12.712401005517496,83.33333333333334,84.72222222222223,0.180292,0.2972309026935781,0.7425965571391256,72.22222222222223,86.11111111111111,0.305262,0.5973555190216153,0.7235043832993638,,,,,
subject7,walking3,l,61.2,3.331267947206065,1.2925467164518238,0.73,24.437441474845194,7.385671940763378,1.0,9.817803725916539,114.74340161107719,113.2851315949758,73.97260273972603,80.82191780821918,-74.52065597076336,-102.03172758660521,17.928836704236254,87.67123287671232,82.19178082191782,0.160791,0.5405256091428234,0.8735836374531645,68.4931506849315,76.7123287671233,0.317845,0.37896310926213,0.49196913539998083,21.917808219178088,43.83561643835616,0.26309799999999994,0.35316451228116497,-0.04680925810946149
subject8,walking1,l,59.4,3.432215460757764,1.1953197026001126,0.73,30.04994466147284,6.383976945669363,1.0,12.796383198545481,114.19868222470396,119.60393575562611,73.97260273972603,80.82191780821918,-74.15924882622046,-80.39583966421812,13.737453398472448,76.7123287671233,84.93150684931508,0.408895,0.46623729423218946,0.460231567865658,80.82191780821918,87.67123287671235,0.257967,0.3430116190460924,0.38387276297141415,43.835616438356176,15.06849315068493,0.231463,0.28685836464117564,0.2761510180330658
subject8,walking2,r,59.4,3.432215460757764,1.254279209625179,0.71,43.63733898411306,14.416461322790687,1.0,11.794341729256148,114.43496371459705,104.0388774318872,73.23943661971832,80.28169014084506,-85.63912300232559,-98.04883984470766,14.751232284075295,84.50704225352113,84.50704225352113,0.29041,0.3402846265156025,0.7602401063828997,76.05633802816902,85.91549295774648,0.56329,0.5801793246935498,0.7470109325513445,,,,,
subject8,walking2,l,59.4,3.432215460757764,1.254279209625179,0.71,42.23436433865371,7.543498644495994,1.0,8.164505445721183,109.6136871479351,104.02994380218453,71.83098591549296,80.28169014084509,-80.23815978457364,-96.1448981711671,13.963691330820941,78.87323943661973,78.87323943661973,0.500535,0.47822808974992254,0.780012049990026,81.69014084507043,84.50704225352113,0.23609099999999988,0.3366162117398126,0.6649220003696019,18.30985915492958,2.8169014084507067,0.149435,0.34614709243773606,0.47333666116048007
subject8,walking3,r,59.4,3.432215460757764,1.2360328935444083,0.72,38.84552500387181,11.317728480597005,1.0,12.146017956267544,112.31324963767184,110.8594074132804,73.61111111111111,81.94444444444444,-80.34256990134328,-99.51237374824149,16.981459021783987,87.5,86.11111111111111,0.341309,0.32971781088268354,0.8162429508325639,83.33333333333334,87.5,0.506483,0.5966865923630622,0.7389345455221913,,,,,
subject8,walking3,l,59.4,3.432215460757764,1.2360328935444083,0.74,36.120969471114805,6.44827740470148,1.0,11.491185269017103,113.01846820875221,98.15630473634668,74.32432432432434,79.72972972972974,-84.27665170955224,-85.97227726571519,15.327673938396961,79.72972972972974,86.48648648648648,0.46328499999999984,0.45235454411852655,0.698237752480984,81.0810810810811,89.18918918918916,0.24353299999999997,0.3248312260980608,0.5680212984778588,17.56756756756757,5.4054054054053955,0.154559,0.33961047029284264,0.5311411579001084
subject9,walking1,r,75.7,2.6931783139895797,1.429995543368967,0.75,38.36938506812891,24.516594038880573,0.0,10.676891831080399,110.3481162804805,119.2473883622466,74.66666666666666,80.0,-101.70346523268657,-107.34414665143612,12.313424081515992,85.33333333333333,85.33333333333333,0.278694,0.31576938951982797,0.9602336985524225,81.33333333333333,75.99999999999999,0.163073,0.5734909654310005,0.8959776891681778,,,,,
subject9,walking1,l,75.7,2.6931783139895797,1.429995543368967,0.7300000000000001,39.945010820397265,9.934464760820962,1.0,9.959247511132778,114.4958496599658,119.38995455524571,75.34246575342466,83.56164383561642,-106.3136884797015,-131.69593795180782,22.169767713869337,84.93150684931506,82.1917808219178,0.324911,0.6045608471820737,0.8386125113551409,83.56164383561642,79.45205479452054,0.166741,0.6326218091740597,0.8091523103026634,23.287671232876715,63.013698630136986,0.214039,0.5420515505354784,0.3267586002806325
subject9,walking2,r,75.7,2.6931783139895797,1.4474669600589987,0.72,149.51739681273506,27.732750814843723,0.0,9.44214090024261,109.74179853076811,120.1303703306241,75.0,80.55555555555554,-102.37881258109375,-100.32639439736343,13.12786653772713,80.55555555555554,80.55555555555554,0.270984,0.2618762814736347,0.8222418940414727,79.16666666666666,84.72222222222223,0.144899,0.5504655015925745,0.8594851643397795,,,,,
subject9,walking2,l,75.7,2.6931783139895797,1.4474669600589987,0.71,164.94199740544607,8.339448142499938,0.0,9.967070343356038,111.05799419759923,129.0942867497863,73.23943661971832,81.69014084507043,-100.4260252553125,-129.67961805517368,25.132402776367474,78.87323943661973,80.28169014084509,0.204216,0.5834464085856632,0.8136769122657241,80.28169014084509,77.46478873239438,0.160567,0.6863141556625474,0.7018310307932273,26.76056338028168,63.38028169014084,0.302547,0.679854199538242,0.17553619252683744
subject9,walking3,r,75.7,2.6931783139895797,1.4036223658123788,0.75,31.27315245592353,15.942287999111098,1.0,5.769670081106098,110.66485220941085,104.47072506356383,74.66666666666666,81.33333333333333,-105.86972175481482,-99.07025327167771,12.726068414497195,88.0,85.33333333333333,0.280962,0.2781484969513253,0.9154843348199011,81.33333333333333,75.99999999999999,0.12463,0.5015587971134345,0.6640145242303891,,,,,
subject9,walking3,l,75.7,2.6931783139895797,1.4036223658123788,0.7200000000000001,39.03247845918694,6.995617205481431,1.0,10.99667894202427,110.30907672503065,129.8807894711966,73.61111111111113,83.33333333333333,-101.07777994955556,-117.07521691274111,25.784716623225524,76.3888888888889,81.94444444444443,0.188818,0.4729438624881142,0.8333308394489092,81.94444444444443,77.77777777777779,0.176602,0.6116552995060144,0.8449439958517554,27.777777777777786,4.16666666666667,0.278849,0.5206548497160866,0.32864503464968897
